{
  "MAE": 0.13335138596306464,
  "RMSE": 0.17313989301594337,
  "MAPE_percent": 5.357367335483592,
  "R2": 0.7882947755747312
}