epoch,train_loss,val_loss,val_rmse_scaled
1,0.3188624656975548,0.3567536220971068,0.5972885584850147
2,0.2306074970139203,0.25067790277626634,0.5006774438461017
3,0.16885791913907916,0.179573221717857,0.4237608071988926
4,0.12565343530554582,0.13191032863743457,0.3631946153750556
5,0.09542444447575477,0.0999609359535741,0.3161659943029517
6,0.07427404975958532,0.07854461757891801,0.280258126695584
7,0.059475699422037495,0.06418883006010463,0.2533551461093787
8,0.04912170009239929,0.05456585790961578,0.23359336015738072
